Réserve de Bonpas Côtes Du Rhône;2020, France, Rhône;€15.45;3.6
Rinforzo;2019, Italy, Puglia;€21.95;3.6
Conde Valdemar Gran Reserva;2012, Spain, Rioja;€33.45;4.2
Château la Claymore;2018/19, France, Bordeaux;€16.95;3.7
Júlia Florista Tinto;NV, Portugal, Lisboa;€9.95;3.8
Marqués de Riscal Reserva;2017, Spain, Rioja;€23.95;4.0
Tandem Ars in Vitro;2018, Spain, Navarra;€10.95;3.5
Famille JM Cazes Côtes du Rhône Réserve;2020, France, Rhône;€13.95;3.6
Laurent Miquel Heritage Vineyards Syrah;2020, France, Languedoc-Roussillon;€14.95;3.4
Wildflower Pinot Noir;2020, Romania;€13.95;3.7
Norton Porteño Malbec Limited Edition;2020, Argentina, Mendoza;€10.95;3.6
Protocolo Tinto;2019, Spain, Castile–La Mancha;€10.00;3.5
Tajapiera Amarone;2018, Italy, Amarone della Valpolicella DOCG;€22.46;4.2
Carta Roja Gran Reserva;2015, Spain, Jumilla;€10.00;3.5
Wildflower Shiraz;2020, Romania;€9.00;3.6
Giacondi Rosso;NV, Italy;€8.00;3.4
Monte Real Tempranillo;2020, Spain, Rioja;€14.95;3.4
Masi Campofiorin;2018, Italy, Veneto;€19.95;3.7
Península das Vinhas Tinto;2020, Portugal, Setúbal;€13.95;3.8
Los Coches Cabernet Sauvignon;2021, Chile, Central Valley;€9.95;3.4
Luzón Colección Crianza;2018, Spain, Jumilla;€11.96;3.7
Longview LV Shiraz-Cabernet;2018, Australia;€14.21;3.8
Rizzardi Pojega Ripasso;2019, Italy, Valpolicella;€16.95;3.8
Las Invernadas Malbec;2019, Argentina, Tulum Valley;€10.00;3.4
Volpetto Chianti Riserva;2018, Italy, Chianti;€19.95;3.4
Château de Girard Cuvée Arthur;2017/18, France, Languedoc-Roussillon;€12.95;3.8
Lastarria Reserva Malbec;2019, Chile, Colchagua Valley;€12.95;3.7
Bodegas Caro Amancaya;2018, Argentina, Mendoza;€20.95;4.0
Gérard Bertrand Château Remaury;2020, France, Languedoc-Roussillon;€14.95;—
Monte Real Rioja Reserva;2017, Spain, Rioja;€21.95;3.8
Porta 6;2020, Portugal, Lisboa;€12.95;3.8
Luna Argenta;2020, Italy, Puglia;€18.95;4.1
Château Sainte-Marie Réserve;2019, France, Bordeaux;€15.95;3.4
Bodegas Caro Aruma;2019/2020, Argentina, Mendoza;€14.95;3.7
Château Grimont Cadillac Côtes De Bordeaux;2018/19, France, Bordeaux;€16.95;3.5
La Croix des Mariniers;2020, France, Rhône;€14.95;3.7
Bodegas Riojanas Borisa Rioja Reserva;2017, Spain, Rioja;€23.95;—
Marqués de Cáceres Reserva;2016, Spain, Rioja;€23.95;3.9
Château Fondarzac;2018, France, Bordeaux;€17.95;3.7
Viña Chocalán Reserva Merlot;2020, Chile, Maipo Valley;€11.21;3.6
DADÁ 1 Vanilla;2021, Argentina, Mendoza;€10.95;3.6
Emiliana Novas Syrah-Mourvèdre Gran Reserva;2017/18, Chile, Cachapoal Valley;€16.95;3.7
Borie de Maurel la Féline;2019, France, Languedoc-Roussillon;€17.95;3.9
Porta Nova Ripasso;2019, Italy, Valpolicella;€20.45;3.9
Château d'Arcole Saint-Émillion Grand Cru;2018, France, Bordeaux;€33.95;4.2
Chanson Fleurie;2020, France, Beaujolais;€16.95;3.5
Tandem Ars Nova;2015, Spain, Navarra;€13.95;3.7
Bellow's Rock Shiraz;2019, South Africa, Coastal Region;€15.45;3.6
Integro Negroamaro Puglia IGP;2020, Italy, Puglia;€16.95;3.9
Domaine Naturaliste Cabernet Sauvignon;2018, Australia;€19.95;3.8
Delheim Cabernet Sauvignon Shiraz;2018/19, South Africa, Stellenbosch ;€11.96;3.5
Asio Otus;NV, Italy, Puglia;€15.95;3.8
Duorum Colheita;2019, Portugal, Douro Valley;€16.45;—
JP Ramos Reserva;2019, Portugal, Alentejo;€15.45;3.6
Meerlust Rubicon;2017, South Africa, Stellenbosch ;€41.95;4.3
Mt Difficulty Bannockburn Pinot Noir;2018, New Zealand, Central Otago;€35.95;4.1
Emiliana Coyam Organic;2019, Chile, Maipo Valley;€25.95;—
Los Coches Syrah;2020, Chile, Central Valley;€9.95;3.5
Blason du Rhône Châteauneuf-du-Pape;2019, France, Rhône;€34.45;4.0
Torbreck Woodcutters Shiraz;2020, Australia;€26.45;3.9
Romeo & Juliet Passione Passimento Red;2019, Italy, Veneto;€17.95;3.9
Château de Caraguilhes Prestige;2020, France, Languedoc-Roussillon;€18.95;3.5
Torres Altos Ibéricos Crianza;2017, Spain, Rioja;€14.21;3.7
Poggio Chianti Superiore;2018, Italy, Toscana;€14.45;—
Campo Viejo Tempranillo;2019, Spain, Rioja;€12.95;3.6
Marqués de Murrieta Rioja Reserva;2016/17, Spain, Rioja;€27.95;3.9
Musella Amarone Riserva;2015, Italy, Veneto;€52.00;4.4
Murphy Goode Cabernet Sauvignon;2018/19, USA;€22.95;3.7
Brunello di Montalcino Val di Suga;2015, Italy, Toscana;€39.95;4.0
Delheim Pinotage;2018, South Africa, Stellenbosch ;€17.95;3.3
Ripasso Tommasi;2018, Italy, Veneto;€22.95;—
Henri Bourgeois Petit Bourgeois Cabernet Franc;2019, France, Loire Valley;€16.95;3.5
Luzón Finca La Solana;2020, Spain, Jumilla;€13.45;3.8
Château de Fleurie;2020, France, Beaujolais;€19.45;3.7
Torbreck Old Vines GMS;2018, Australia;€22.95;3.9
Norton Barrel Select Malbec;2020/21, Argentina, Mendoza;€14.95;3.7
d'Arenberg The Dead Arm Shiraz;2017, Australia;€54.95;4.2
Guigal Cotes Du Rhone Rouge;2017, France, Rhône;€16.95;3.7
Domaine Olivier Santenay Temps des C(e)rises;2018, France, Burgundy;€32.95;3.9
Torres Celeste Crianza;2018, Spain, Ribera Del Duero DO;€21.95;3.9
Les Hauts de Lynch-Moussas 2016;2016, France, Bordeaux;€32.95;3.8
Château Kirwan 2017;2017, France, Bordeaux;€73.00;3.7
Château Clarke B. de Rothschild;2012, France, Bordeaux;€36.95;3.4
Vincent Juliénas La Conseillère;2017, France, Beaujolais;€21.95;3.8
Rust en Vrede Cabernet Sauvignon;2019, South Africa, Stellenbosch ;€31.95;4.2
Emilio Moro;2018, Spain, Ribera Del Duero DO;€25.95;4.0
Chanson Beaujolais Villages;2020, France, Burgundy;€14.95;3.5
Tolo do Xisto;2017, Spain, Galicia;€19.95;3.7
Lionel Osmin Malbec;2019, France, Cahors;€13.95;3.5
Cave de Tain Crozes-Hermitage;2020, France, Rhône;€20.95;3.5
Orin Swift Abstract;2019, USA;€42.95;4.2
Gérard Bertrand Domaine de Villemajou;2019, France, Languedoc-Roussillon;€20.95;—
Marqués de Cáceres Crianza;Spain, Rioja;€15.45;3.6
Torres Natureo Red Non-Alcoholic;Spain;€6.95;—
Longview Devil's Elbow Cabernet Sauvignon;2019/20, Australia;€21.45;3.9
Penfolds St Henri Shiraz 2018;2018, Australia, SOUTH-AUS;€110.00;4.4
DV Catena Tinto Histórico;2019, Argentina, Mendoza;€19.95;4.2
St Hallett Butcher's Cart Shiraz;2018, Australia;€26.95;3.9
Château de Caraguilhes Les Jardins;2019, France, Languedoc-Roussillon;€17.95;3.6
Talbott Sleepy Hollow Pinot Noir;2016, USA;€42.95;4.0
Langlois Saumur-Champigny;2017, France, Loire Valley;€16.95;—
Campo Viejo Rioja Reserva;2016, Spain, Rioja;€16.95;3.7
Chapoutier Gigondas;2020, France, Rhône;€28.95;3.9
Belleruche Rouge Cotes du Rhone;2020, France, Rhône;€16.95;3.3
Louis Jadot Poncereau Fleurie;2020, France, Beaujolais;€23.95;3.8
Lingenfelder Fox Label Dornfelder;2017, Germany, Pfalz;€15.95;—
Château Haut Pingat;2019, France, Bordeaux;€14.95;3.4
Beringer Classic Zinfandel;2019, USA;€15.45;3.7
Château Puy Marceau;2018, France, Bordeaux;€19.95;3.6
Freemark Abbey Napa Valley Cabernet Sauvignon;2017, USA;€60.00;—
Emiliana Étnico;2019, Chile, Rapel;€13.95;—
Porta 6 Magnum;2020, Portugal, Lisboa;€22.00;3.8
Esporão Reserva;2018, Portugal, Alentejo;€29.95;4.1
Campo Viejo Gran Reserva;2014, Spain, Rioja;€17.95;3.9
Stonier Pinot Noir;2016/17/19, Australia;€27.95;3.8
Porta 6 Reserva;2018, Portugal, Lisboa;€15.95;4.0
Leyda Pinot Noir Reserva;2020, Chile, San Antonio;€14.95;3.3
Borie de Maurel Espirit d'Automne;2020, France;€17.95;3.7
Rizzardi Calcarole Amarone;2015, Italy, Valpolicella;€75.00;4.6
Château Cordeillan-Bages 2013;2013, France, Bordeaux;€75.00;4.1
Cortese Nostru Nero d'Avola NAS;2020, Italy, Sicily;€16.95;3.5
Le Petit Coudoulis;2020, France, Rhône;€16.95;3.6
Whitehaven Pinot Noir;2019, New Zealand, Marlborough;€19.95;3.8
Château Saint-Poly;2016, France, Bordeaux;€32.00;3.7
Château Guibeau;2016, France, Bordeaux;€16.95;3.6
Ascheri Langhe Barbera Fontanelle;2019, Italy, Alba;€20.95;3.6
Norton Privada Blend;2018, Argentina, Mendoza;€21.95;3.9
Los Vascos Cromas Gran Reserva;2018, Chile, Colchagua Valley;€19.95;3.8
Eddystone Point Pinot Noir;2018, Australia;€24.95;3.8
Leyda Single Vineyard Cahuil Pinot Noir;2020, Chile, Leyda Valley;€15.95;3.6
Los Vascos Cabernet Sauvignon;2019, Chile, Colchagua Valley;€12.95;3.4
Kanonkop Pinotage;2019, South Africa, Stellenbosch ;€33.95;3.3
La Crema Sonoma Coast Pinot Noir;2018/19, USA;€34.95;4.0
Big Sky Te Muna Pinot Noir;2017, New Zealand, Martinborough;€29.95;3.9
First Creek Shiraz;2019, Australia;€16.95;—
Leyda Carménère Reserva;2020, Chile, Central Valley;€15.95;3.3
Mt Difficulty Roaring Meg Pinot Noir;2019, New Zealand, Central Otago;€25.95;3.9
Dalmau;2016, Spain, Rioja;€85.00;4.4
Sierra Cantabria Rioja Crianza;2017, Spain, Rioja;€15.95;3.7
Cave de Tain Hermitage;2016/17, France, Rhône;€55.00;3.5
Tenute Rubino Punta Aquila Primitivo;2017, Italy, Puglia;€18.95;3.9
Gérard Bertrand Heritage Pic St Loup;2019, France, Languedoc-Roussillon;€16.95;4.0
Rizzardi Bardolino Classico Cuvée XV;2020, Italy, Bardolino;€14.95;3.5
Domaine de L'Ostal Estibals;2019, France, Languedoc-Roussillon;€16.95;4.3
San Felice Il Grigio Riserva;2018, Italy, Chianti Classico;€23.95;3.9
Castillo Ygay Gran Reserva Especial 2010;2010, Spain, Rioja;€165.00;4.5
Lunaria Ruminat Primitivo;2020, Italy, Puglia;€18.95;3.9
Monte Real Rioja Crianza;2017/18, Spain, Rioja;€16.95;3.6
Cusumano Alta Mora Etna Rosso;2017/18, Italy, Sicily;€23.95;3.7
Gérard Bertrand Maury;2010, France, Languedoc-Roussillon;€22.95;3.5
Rizzardi Villa Amarone;2013/15, Italy, Valpolicella;€44.95;4.3
Marquês de Borba Colheita;2019, Portugal, Alentejo;€17.95;3.8
Zull Lust & Laune Red;2018, Austria, Weinviertel;€15.95;3.7
Clos de los Siete;2018, Argentina, Mendoza;€19.95;3.9
d'Arenberg Footbolt Shiraz;2018, Australia;€19.95;3.7
Sierra Cantabria Rioja Reserva;2014, Spain, Rioja;€25.95;3.8
Luzón Verde Organic;2019/20, Spain, Jumilla;€12.95;3.3
Nero Oro Appassimento;2020, Italy, Sicily;€15.95;3.9
Casa de Uco El Salvaje Malbec;2017, Argentina, Mendoza;€19.95;3.6
Château les Croisille Silice;2019, France, Cahors;€19.95;3.8
Cap Royal;2018, France, Bordeaux;€17.95;3.6
Conde Valdemar Reserva;2012, Spain, Rioja;€24.95;3.8
Domaine de L'Ostal Grand Vin;2017, France, Languedoc-Roussillon;€23.95;4.1
Gaia Agiorgitiko;2019, Greece, Nemea;€18.95;3.5
San Felice Chianti Classico;2019, Italy, Toscana;€18.45;3.6
Seguin-Manuel Nuits-Saint-Georges;2018, France, Burgundy;€55.00;4.2
Château Grand Barail;2018, France, Bordeaux;€21.95;3.8
Rhonéa Rasteau Tradition;2018, France, Rhône;€19.95;3.8
Arjolle Zero Alcohol Merlot Grenache;2020, France, Occitaine;€7.95;2.9
Seguin-Manuel Savigny Godeaux Nature;2017, France, Burgundy;€37.00;3.9
Bethany First Village Shiraz;2019, Australia;€21.95;4.0
Torbreck The Struie;2018/2019, Australia;€49.00;4.2
Le Dix de Los Vascos;2017, Chile, Colchagua Valley;€50.00;4.2
Sacred Hill Reserve Syrah;2018, New Zealand, Hawke's Bay;€19.95;3.3
Petaluma Coonawarra Cabernet;2015, Australia;€45.95;—
Casa de Uco El Salvaje Organic Malbec;2019, Argentina, Mendoza;€19.95;3.6
Raymond Field Blend;2019, USA;€19.95;3.7
Viña Chocalán Origen Gran Reserva Cabernet Franc;2019, Chile, Maipo Valley;€17.95;3.8
Il Passo Nerello Mascalese;2020, Italy, Sicily;€18.95;3.9
Symington Altano Organic;2019, Portugal, Douro Valley;€17.45;3.8
Tons de Duorum;2019, Portugal, Douro Valley;€15.45;—
Chanson Givry;2019, France, Burgundy;€26.95;3.8
Penfolds St Henri Shiraz 2016;Australia, SOUTH-AUS;€110.00;4.4
Coca i Fitó Jaspi Negre;2017, Spain, Catalonia;€16.95;3.7
Château Meaume;2018, France, Bordeaux;€16.50;3.5
Banshee Cabernet Sauvignon;2019, USA;€32.95;4.1
Sherwood Estate Pinot Noir;2020, New Zealand, Waipara Valley;€21.95;3.5
Domaine Coudoulis Dédicace;2018, France, Rhône;€19.95;4.0
Catena Malbec;2019, Argentina, Mendoza;€19.95;4.3
Sierra Cantabria Coleccíon Privada;2018, Spain, Rioja;€41.95;4.0
Les Meysonniers Crozes Hermitage;2019, France, Rhône;€21.95;3.8
Raymond Family Classic Cabernet Sauvignon;2018, USA;€29.95;3.8
Viña Chocalán Reserva Cabernet Sauvignon;2019, Chile, Maipo Valley;€13.95;3.6
Château Clos du Roy;2018, France, Bordeaux;€29.95;3.7
Kendall-Jackson Grand Reserve;2018/19, USA;€36.95;3.8
Musella Valpolicella Superiore;2018, Italy, Veneto;€19.95;3.6
San Felice Contrada Toscana;2019, Italy, Toscana;€15.95;3.2
Vigneti del Vulture Piano del Cerro;2019, Italy, Aglianico del Vulture;€26.95;4.2
Ascheri Barolo;2017, Italy, Barolo DOCG;€35.95;4.0
Familia Deicas Preludio;2015, Uruguay;€32.00;4.3
Rizzardi Munus Veronese Rosso;2019, Italy, Veneto;€22.45;—
Rizzardi Pojega Ripasso Magnum;2018, Italy, Veneto;€38.00;3.8
Seguin-Manuel Gevrey-Chambertin VV;2018, France, Burgundy;€60.00;4.1
Laurent Miquel La Gauphine Cabernet Sauvignon;2020, France, Languedoc-Roussillon;€14.95;3.9
Tandem Mácula;2014, Spain, Navarra;€21.95;3.9
Boas Quintas Fonte do Ouro Tinto;2018, Portugal, Dão;€16.95;3.8
Frank Phélan;2018, France, Bordeaux;€33.95;3.9
Rust en Vrede Syrah;2019, South Africa, Stellenbosch ;€31.95;4.2
Tommasi Amarone;2017, Italy, Amarone della Valpolicella DOCG;€42.45;4.3
Masi Bonacosta Valpolicella Classico;2019, Italy, Valpolicella;€17.95;3.5
Cortese Nostru Nerello Mascalese;2019, Italy, Sicily;€12.95;3.5
Viña Chocalán Vitrum Malbec;2018/19, Chile, Maipo Valley;€24.95;4.1
Ascheri Langhe Nebbiolo San Giacomo;2019, Italy, Piedmont;€22.95;3.8
Kendall-Jackson Cabernet Sauvignon;2018, USA;€29.95;3.5
d'Arenberg d'Arrys Shiraz/Grenache;2018, Australia;€23.95;3.7
Longview Yakka Shiraz;2019, Australia;€19.95;3.9
Château Mont-Redon Châteauneuf-du-Pape;2018, France, Rhône;€44.45;4.2
Château de Caraguilhes Solus;2019, France, Languedoc-Roussillon;€22.95;—
Château Blaignan;2016, France, Bordeaux;€22.95;3.3
Colpasso Primitivo 6 Bottle Case;2020, Italy, Puglia;€89.70;3.5
Alma de Luzón;2017, Spain, Jumilla;€45.00;4.2
Charmes de Kirwan;2017, France, Bordeaux;€39.95;4.0
Ascheri Langhe Dolcetto Nirane;2019/20, Italy, Alba;€18.95;3.6
Federico Paternina Gran Reserva Rioja;2013, Spain, Rioja;€24.95;3.8
Château Les Croisille Croizillon;2020, France, Cahors;€15.95;3.6
Château Ste Michelle Syrah;2018/19, USA;€19.95;3.9
Château Marquisat La Pérouse;2017, France, Bordeaux;€16.95;3.7
Viña Pomal Rioja Reserva;2014, Spain, Rioja;€22.95;3.8
Tenute Rubino Marmorelle Rosso Salento IGT;2018, Italy, Puglia;€17.95;3.6
Château Franc-Maillet;2018, France, Bordeaux;€48.00;4.1
Musella Amarone;2013, Italy, Veneto;€41.95;4.3
Bonpas Gigondas Grand Prieur;2019, France, Rhône;€25.95;3.8
Quinta Nova;2019, Portugal, Douro Valley;€18.95;—
Man O'War Dreadnought Syrah;2018, New Zealand, Waiheke Island;€39.95;4.2
Pasarisa Malbec;2020, Argentina, Mendoza;€16.95;3.3
Château Phélan Ségur 2017;2017, France, Bordeaux;€68.00;3.4
Marques de Murrieta Rioja Reserva Magnum;2016/17, Spain, Rioja;€50.00;3.9
Château Haute-Brisson la Grave;2018, France, Bordeaux;€29.95;—
Château de Brandey;2017/20, France, Bordeaux;€13.95;3.4
Seguin-Manuel Bourgogne Pinot Noir;2019, France, Burgundy;€23.95;3.6
Laurent Miquel La Gauphine Syrah/Grenache;2019, France;€14.95;4.1
Elgin Ridge 282 Pinot Noir;2015, South Africa, Elgin ;€25.95;3.7
Antinori Santa Cristina;2019, Italy, Toscana;€16.95;3.6
Lo Món Trossos del Priorat;2016, Spain, Priorat DOQ;€27.95;4.1
Rubiejo Crianza Ribera del Duero;2018, Spain, Ribera Del Duero DO;€24.95;3.3
Su'entu Cannonau;2019, Italy, Sardinia;€22.95;3.8
Château du Glana;2016, France, Bordeaux;€41.00;—
Bellow's Rock Pinotage;2019/2020, South Africa, Coastal Region;€15.45;3.7
Château Bentejac;2019, France, Bordeaux;€17.95;3.4
Jean-Luc Colombo Terres Brulées;2016, France, Rhône;€51.00;4.0
Gérard Bertrand Cigalus Red;2019, France, Languedoc-Roussillon;€39.95;4.1
Musella Valpolicella Ripasso;2017, Italy, Veneto;€22.95;3.8
Alamos Malbec;2020, Argentina, Mendoza;€14.95;3.3
Steve Pannell Touriga/Tempranillo;2016, Australia;€24.95;3.8
Pasarisa Cabernet Sauvignon;2020, Argentina, Salta;€16.95;3.8
Laurent Miquel Connemara Saint-Chinian;2018, France, Languedoc-Roussillon;€15.95;3.7
Longview Vista Shiraz Barbera;2019, Australia, SOUTH-AUS;€18.95;—
Delheim Vera Cruz Pinotage;2017, South Africa, Stellenbosch ;€39.95;4.3
Dom. des Souchons Cuvée Claude Pillet Morgon;2018, France, Beaujolais;€24.95;4.1
Catena Tilia Malbec;2017, Argentina, Mendoza;€15.95;4.0
Marotti Campi Orgiolo Lacrima Di Morra D'Alba;2018/19, Italy, Marche;€17.95;3.8
Rizzardi Clos Roareti;2018, Italy, Veneto;€26.95;4.1
Château Sociando Mallet 2017;2017, France, Bordeaux;€55.00;4.1
Banshee Mordecai;2018, USA;€29.95;4.0
Colpasso Appassimento;2020, Italy, Sicily;€15.95;3.8
Viña Chocalán Origen Pinot Noir;2017, Chile, San Antonio;€16.95;3.8
Langlois-Château Saint-Nicolas de Bourgueil;2020, France, Loire Valley;€17.95;3.5
Icario Rosso di Montepulicano;2019/20, Italy, Rosso di Montepulciano DOC;€22.95;3.3
Adobe Organic Malbec;2020, Chile, Rapel;€14.95;3.5
Samsara Priorat;2016/17, Spain, Priorat DOQ;€22.95;3.9
Rabl Pinot Noir;2017, Austria, Kamptal;€29.95;3.7
Viña Chocalán Origen Gran Reserva Syrah;2019, Chile, Maipo Valley;€16.95;3.9
Kendall-Jackson Merlot;2017/18, USA;€27.95;3.7
Jean-Luc Colombo Les Abeilles Rouge;2018, France, Rhône;€15.95;3.6
Insight Vineyard Pinot Noir;2020, New Zealand, Marlborough;€20.95;3.5
Ferraton Côtes Du Rhône Samorëns;2019, France, Rhône;€14.95;3.5
Château Mont-Redon Lirac;2018, France, Rhône;€24.95;3.9
Norton Malbec;2020, Argentina, Mendoza;€11.95;3.3
Bodegas Caro;2018, Argentina, Mendoza;€55.00;3.3
Monte Real Gran Reserva Magnum;2013/14, Spain, Rioja;€46.00;4.0
Château Sociando Mallet 2018;2018, France, Bordeaux;€55.00;4.1
Gérard Bertrand Réserve Spéciale Cab Sauvignon;2018, France, Languedoc-Roussillon;€16.95;3.4
Vaglio Aggie;2018/19, Argentina, Mendoza;€18.95;3.8
Berthoumieu Madiran Constance;2017, France, Madiran;€16.95;3.7
Penfolds Bin 2 Shiraz-Mataro;2018/19, Australia;€34.95;3.8
Coca i Fitó Negre;2013, Spain, Catalonia;€35.95;4.0
San Felice Il Grigio Gran Selezione;2016, Italy, Chianti Classico;€34.95;4.1
Altos de Luzón;2019, Spain, Jumilla;€19.95;3.9
La Fleur Laroze;2015, France, Bordeaux;€29.95;3.2
Fairview Goats do Roam;2020, South Africa, Coastal Region;€15.95;3.4
Rawson's Retreat Shiraz/Cabernet;2019, Australia, SOUTH-AUS;€14.95;3.4
Chanson Gevrey-Chambertin;2014/16, France, Burgundy;€55.00;4.1
Masi Amarone Costasera;2015/16, Italy, Veneto;€51.00;4.3
Poggio Tempesta Chianti Riserva;2018, Italy, Toscana;€18.95;4.0
Cloudy Bay Pinot Noir;2016, New Zealand, Marlborough;€49.00;3.9
Château de Paraza;2017, France, Languedoc-Roussillon;€16.95;4.0
Familia Deicas Mahoma;2018, Uruguay;€24.95;4.0
Michel Lynch Organic Red;2020, France, Bordeaux;€15.95;3.2
Gérard Bertrand La Forge;2019, France, Languedoc-Roussillon;€65.00;3.3
Penfolds Bin 28 Kalimna;2019, Australia;€37.95;4.0
Gaia S;2018, Greece, Nemea;€24.95;3.8
Cave de Tain Saint Joseph;2019, France, Rhône;€24.95;3.7
Chanson Nuits-Saint-Georges;2016, France, Burgundy;€52.00;4.1
Château Brown 2017;2017, France, Bordeaux;€60.00;3.7
Borie de Maurel Belle de Nuit;2018, France;€27.95;3.9
Luna Argenta Magnum;2019, Italy, Puglia;€30.00;4.1
Laurent Miquel La Gauphine Merlot;2020, France, Languedoc-Roussillon;€14.95;3.9
Domaine du Grand Prieur Vacqueyras;2019, France, Rhône;€20.95;3.7
Luzón Colección Monastrell Roble;2019, Spain, Jumilla;€14.95;3.6
Les Vigneros de Buzet Château La Hitte;2016, France;€17.95;3.4
Penfolds Bin 389 Cabernet Shiraz 2018;2018, Australia;€75.00;4.2
Vaglio Chacra;2017/18, Argentina, Mendoza;€18.95;3.8
Zull Zweigelt;2019, Austria, Weinviertel;€18.95;3.8
Château de Gardegan;2019, France, Bordeaux;€19.95;4.0
Gérard Bertrand La Clape Grand Vin;2019, France, Languedoc-Roussillon;€42.00;3.5
Lunaria Coste di Moro Montepulciano d`Abruzzo;2016, Italy, Montepulciano d'Abruzzo DOC;€19.95;3.9
Sierra Cantabria Gran Reserva;2010/11, Spain, Rioja;€32.95;3.9
Louis Jadot Pinot Noir;2020, France, Burgundy;€23.95;3.6
1757 Bordeaux 2016;2016, France, Bordeaux;€55.95;3.7
Château de Caraguilhes Cinsault No Added Suplhur;2020, France;€16.95;4.0
Governo IGT;2019, Italy, Toscana;€18.95;3.7
Ferraton Côte-Rotie L'Eglantine;2017/18, France, Rhône;€58.00;4.1
Domaine Begude Pinot Noir Le Cerisier;2020, France, Languedoc-Roussillon;€16.95;3.7
Gérard Bertrand Château de la Grange Fitou;2018/19, France, Languedoc-Roussillon;€16.95;3.8
Rizzardi 3 Cru Amarone;2016, Italy, Valpolicella;€34.95;4.2
Leyda Pinot Noir Las Brisas;2020, Chile, San Antonio;€17.95;3.7
Kendall-Jackson Zinfandel;2018/19, USA;€23.95;3.8
Ortas Côtes-du-Rhône Reserve;2018/19, France, Rhône;€14.95;3.5
Yalumba Organic Shiraz;2019, Australia;€15.95;3.6
Norton Privada Malbec;2018, Argentina, Mendoza;€22.95;3.9
Norton Syrah Reserva;2016, Argentina, Mendoza;€15.95;3.6
Norton Malbec Reserva;2019, Argentina, Mendoza;€16.95;3.6
Symington Altano Tinto DOC;2019, Portugal, Douro Valley;€13.45;4.1
San Felice Brunello di Montalcino Campogiovanni;2016, Italy, Brunello di Montalcino;€47.00;4.2
